0,Programas b�sicos,1,Programas b�sicos,11,Programas b�sicos,0011A01,ABI Educa��o
0,Programas b�sicos,1,Programas b�sicos,11,Programas b�sicos,0011A02,ABI Artes e humanidades
0,Programas b�sicos,1,Programas b�sicos,11,Programas b�sicos,0011A03,ABI Ci�ncias sociais, comunica��o e informa��o
0,Programas b�sicos,1,Programas b�sicos,11,Programas b�sicos,0011A04,ABI Neg�cios, administra��o e direito
0,Programas b�sicos,1,Programas b�sicos,11,Programas b�sicos,0011A05,ABI Ci�ncias naturais, matem�tica e estat�stica
0,Programas b�sicos,1,Programas b�sicos,11,Programas b�sicos,0011A06,ABI Computa��o e Tecnologias da Informa��o e Comunica��o (TIC)
0,Programas b�sicos,1,Programas b�sicos,11,Programas b�sicos,0011A07,ABI Engenharia, produ��o e constru��o
0,Programas b�sicos,1,Programas b�sicos,11,Programas b�sicos,0011A08,ABI Agricultura, silvicultura, pesca e veterin�ria
0,Programas b�sicos,1,Programas b�sicos,11,Programas b�sicos,0011A09,ABI Sa�de e bem-estar
0,Programas b�sicos,1,Programas b�sicos,11,Programas b�sicos,0011A10,ABI Servi�os
1,Educa��o,11,Educa��o,111,Ci�ncia da educa��o,0111C01,Ci�ncia da educa��o
1,Educa��o,11,Educa��o,111,Ci�ncia da educa��o,0111P01,Processos escolares
1,Educa��o,11,Educa��o,111,Ci�ncia da educa��o,0111P02,Psicopedagogia
1,Educa��o,11,Educa��o,112,Forma��o de professores de educa��o infantil,0112E01,Educa��o infantil forma��o de professor
1,Educa��o,11,Educa��o,113,Forma��o de professores sem �reas espec�ficas,0113E01,Educa��o do campo forma��o de professor
1,Educa��o,11,Educa��o,113,Forma��o de professores sem �reas espec�ficas,0113E02,Educa��o especial forma��o de professor
1,Educa��o,11,Educa��o,113,Forma��o de professores sem �reas espec�ficas,0113E03,Educa��o ind�gena forma��o de professor
1,Educa��o,11,Educa��o,113,Forma��o de professores sem �reas espec�ficas,0113F01,Forma��o pedag�gica de professor para a educa��o b�sica
1,Educa��o,11,Educa��o,113,Forma��o de professores sem �reas espec�ficas,0113P01,Pedagogia
1,Educa��o,11,Educa��o,114,Forma��o de professores em �reas espec�ficas (exceto Letras),0114A01,Artes forma��o de professor
1,Educa��o,11,Educa��o,114,Forma��o de professores em �reas espec�ficas (exceto Letras),0114A02,Artes visuais forma��o de professor
1,Educa��o,11,Educa��o,114,Forma��o de professores em �reas espec�ficas (exceto Letras),0114B01,Biologia forma��o de professor
1,Educa��o,11,Educa��o,114,Forma��o de professores em �reas espec�ficas (exceto Letras),0114C01,Ci�ncias agr�rias forma��o de professor
1,Educa��o,11,Educa��o,114,Forma��o de professores em �reas espec�ficas (exceto Letras),0114C02,Ci�ncias naturais forma��o de professor
1,Educa��o,11,Educa��o,114,Forma��o de professores em �reas espec�ficas (exceto Letras),0114C03,Ci�ncias sociais forma��o de professor
1,Educa��o,11,Educa��o,114,Forma��o de professores em �reas espec�ficas (exceto Letras),0114C04,Cinema e audiovisual forma��o de professor
1,Educa��o,11,Educa��o,114,Forma��o de professores em �reas espec�ficas (exceto Letras),0114C05,Computa��o forma��o de professor
1,Educa��o,11,Educa��o,114,Forma��o de professores em �reas espec�ficas (exceto Letras),0114D01,Dan�a forma��o de professor
1,Educa��o,11,Educa��o,114,Forma��o de professores em �reas espec�ficas (exceto Letras),0114E01,Economia dom�stica forma��o de professor
1,Educa��o,11,Educa��o,114,Forma��o de professores em �reas espec�ficas (exceto Letras),0114E02,Educa��o do campo em �reas de conhecimento da educa��o b�sica forma��o de professor
1,Educa��o,11,Educa��o,114,Forma��o de professores em �reas espec�ficas (exceto Letras),0114E03,Educa��o f�sica forma��o de professor
1,Educa��o,11,Educa��o,114,Forma��o de professores em �reas espec�ficas (exceto Letras),0114E04,Educa��o ind�gena em �reas de conhecimento da educa��o b�sica forma��o de professor
1,Educa��o,11,Educa��o,114,Forma��o de professores em �reas espec�ficas (exceto Letras),0114E05,Enfermagem forma��o de professor
1,Educa��o,11,Educa��o,114,Forma��o de professores em �reas espec�ficas (exceto Letras),0114E06,Ensino profissionalizante em �rea espec�fica forma��o de professor
1,Educa��o,11,Educa��o,114,Forma��o de professores em �reas espec�ficas (exceto Letras),0114E07,Ensino religioso forma��o de professor
1,Educa��o,11,Educa��o,114,Forma��o de professores em �reas espec�ficas (exceto Letras),0114E08,Estat�stica forma��o de professor
1,Educa��o,11,Educa��o,114,Forma��o de professores em �reas espec�ficas (exceto Letras),0114F01,Filosofia forma��o de professor
1,Educa��o,11,Educa��o,114,Forma��o de professores em �reas espec�ficas (exceto Letras),0114F02,F�sica forma��o de professor
1,Educa��o,11,Educa��o,114,Forma��o de professores em �reas espec�ficas (exceto Letras),0114G01,Geografia forma��o de professor
1,Educa��o,11,Educa��o,114,Forma��o de professores em �reas espec�ficas (exceto Letras),0114H01,Hist�ria forma��o de professor
1,Educa��o,11,Educa��o,114,Forma��o de professores em �reas espec�ficas (exceto Letras),0114M01,Matem�tica forma��o de professor
1,Educa��o,11,Educa��o,114,Forma��o de professores em �reas espec�ficas (exceto Letras),0114M02,M�sica forma��o de professor
1,Educa��o,11,Educa��o,114,Forma��o de professores em �reas espec�ficas (exceto Letras),0114P01,Psicologia forma��o de professor
1,Educa��o,11,Educa��o,114,Forma��o de professores em �reas espec�ficas (exceto Letras),0114Q01,Qu�mica forma��o de professor
1,Educa��o,11,Educa��o,114,Forma��o de professores em �reas espec�ficas (exceto Letras),0114T01,Teatro forma��o de professor
1,Educa��o,11,Educa��o,115,Forma��o de professores de letras,0115L01,Letras alem�o forma��o de professor
1,Educa��o,11,Educa��o,115,Forma��o de professores de letras,0115L02,Letras espanhol forma��o de professor
1,Educa��o,11,Educa��o,115,Forma��o de professores de letras,0115L03,Letras franc�s forma��o de professor
1,Educa��o,11,Educa��o,115,Forma��o de professores de letras,0115L04,Letras ingl�s forma��o de professor
1,Educa��o,11,Educa��o,115,Forma��o de professores de letras,0115L05,Letras italiano forma��o de professor
1,Educa��o,11,Educa��o,115,Forma��o de professores de letras,0115L06,Letras japon�s forma��o de professor
1,Educa��o,11,Educa��o,115,Forma��o de professores de letras,0115L07,Letras l�ngua brasileira de sinais forma��o de professor
1,Educa��o,11,Educa��o,115,Forma��o de professores de letras,0115L08,Letras l�nguas estrangeiras cl�ssicas forma��o de professor
1,Educa��o,11,Educa��o,115,Forma��o de professores de letras,0115L09,Letras lingu�stica forma��o de professor
1,Educa��o,11,Educa��o,115,Forma��o de professores de letras,0115L10,Letras outras l�nguas estrangeiras modernas forma��o de professor
1,Educa��o,11,Educa��o,115,Forma��o de professores de letras,0115L11,Letras portugu�s alem�o forma��o de professor
1,Educa��o,11,Educa��o,115,Forma��o de professores de letras,0115L12,Letras portugu�s espanhol forma��o de professor
1,Educa��o,11,Educa��o,115,Forma��o de professores de letras,0115L13,Letras portugu�s forma��o de professor
1,Educa��o,11,Educa��o,115,Forma��o de professores de letras,0115L14,Letras portugu�s franc�s forma��o de professor
1,Educa��o,11,Educa��o,115,Forma��o de professores de letras,0115L15,Letras portugu�s ingl�s forma��o de professor
1,Educa��o,11,Educa��o,115,Forma��o de professores de letras,0115L16,Letras portugu�s italiano forma��o de professor
1,Educa��o,11,Educa��o,115,Forma��o de professores de letras,0115L17,Letras portugu�s japon�s forma��o de professor
1,Educa��o,11,Educa��o,115,Forma��o de professores de letras,0115L18,Letras portugu�s l�ngua brasileira de sinais forma��o de professor
1,Educa��o,11,Educa��o,115,Forma��o de professores de letras,0115L19,Letras portugu�s l�nguas estrangeiras cl�ssicas forma��o de professor
1,Educa��o,11,Educa��o,115,Forma��o de professores de letras,0115L20,Letras portugu�s outras l�nguas estrangeiras modernas forma��o de professor
1,Educa��o,11,Educa��o,115,Forma��o de professores de letras,0115L21,Letras tradutor e int�rprete forma��o de professor
1,Educa��o,18,Programas interdisciplinares abrangendo educa��o,188,Programas interdisciplinares abrangendo educa��o,0188P01,Programas interdisciplinares abrangendo educa��o
2,Artes e humanidades,21,Artes,211,Produ��o audiovisual, de m�dia e cultural,0211A01,Anima��o
2,Artes e humanidades,21,Artes,211,Produ��o audiovisual, de m�dia e cultural,0211C01,Cinema e audiovisual
2,Artes e humanidades,21,Artes,211,Produ��o audiovisual, de m�dia e cultural,0211C02,Comunica��o assistiva
2,Artes e humanidades,21,Artes,211,Produ��o audiovisual, de m�dia e cultural,0211D01,Design gr�fico
2,Artes e humanidades,21,Artes,211,Produ��o audiovisual, de m�dia e cultural,0211F01,Fotografia
2,Artes e humanidades,21,Artes,211,Produ��o audiovisual, de m�dia e cultural,0211P01,Produ��o audiovisual
2,Artes e humanidades,21,Artes,211,Produ��o audiovisual, de m�dia e cultural,0211P02,Produ��o c�nica
2,Artes e humanidades,21,Artes,211,Produ��o audiovisual, de m�dia e cultural,0211P03,Produ��o cultural
2,Artes e humanidades,21,Artes,211,Produ��o audiovisual, de m�dia e cultural,0211P04,Produ��o fonogr�fica
2,Artes e humanidades,21,Artes,211,Produ��o audiovisual, de m�dia e cultural,0211P05,Produ��o multim�dia
2,Artes e humanidades,21,Artes,212,Moda, design de interiores e desenho industrial,0212D01,Desenho industrial
2,Artes e humanidades,21,Artes,212,Moda, design de interiores e desenho industrial,0212D02,Design
2,Artes e humanidades,21,Artes,212,Moda, design de interiores e desenho industrial,0212D03,Design de interiores
2,Artes e humanidades,21,Artes,212,Moda, design de interiores e desenho industrial,0212D04,Design de produto
2,Artes e humanidades,21,Artes,212,Moda, design de interiores e desenho industrial,0212M01,Moda
2,Artes e humanidades,21,Artes,213,Belas artes,0213A01,Artes
2,Artes e humanidades,21,Artes,213,Belas artes,0213A02,Artes pl�sticas
2,Artes e humanidades,21,Artes,213,Belas artes,0213A03,Artes visuais
2,Artes e humanidades,21,Artes,213,Belas artes,0213H01,Hist�ria da arte
2,Artes e humanidades,21,Artes,214,Artesanato,0214F01,Fabrica��o de instrumentos musicais n�o industrial
2,Artes e humanidades,21,Artes,215,M�sica e artes c�nicas,0215A01,Artes c�nicas
2,Artes e humanidades,21,Artes,215,M�sica e artes c�nicas,0215D01,Dan�a
2,Artes e humanidades,21,Artes,215,M�sica e artes c�nicas,0215M01,M�sica
2,Artes e humanidades,21,Artes,215,M�sica e artes c�nicas,0215T01,Teatro
2,Artes e humanidades,22,Humanidades (exceto l�nguas),221,Religi�o e teologia,0221C01,Ci�ncias da religi�o
2,Artes e humanidades,22,Humanidades (exceto l�nguas),221,Religi�o e teologia,0221T01,Teologia
2,Artes e humanidades,22,Humanidades (exceto l�nguas),222,Hist�ria e arqueologia,0222A01,Arqueologia
2,Artes e humanidades,22,Humanidades (exceto l�nguas),222,Hist�ria e arqueologia,0222C01,Conserva��o e restauro
2,Artes e humanidades,22,Humanidades (exceto l�nguas),222,Hist�ria e arqueologia,0222H01,Hist�ria
2,Artes e humanidades,22,Humanidades (exceto l�nguas),223,Filosofia e �tica,0223F01,Filosofia
2,Artes e humanidades,23,L�nguas,231,Letras,0231L01,Letras alem�o
2,Artes e humanidades,23,L�nguas,231,Letras,0231L02,Letras escrita criativa
2,Artes e humanidades,23,L�nguas,231,Letras,0231L03,Letras espanhol
2,Artes e humanidades,23,L�nguas,231,Letras,0231L04,Letras franc�s
2,Artes e humanidades,23,L�nguas,231,Letras,0231L05,Letras ingl�s
2,Artes e humanidades,23,L�nguas,231,Letras,0231L06,Letras italiano
2,Artes e humanidades,23,L�nguas,231,Letras,0231L07,Letras japon�s
2,Artes e humanidades,23,L�nguas,231,Letras,0231L08,Letras l�ngua brasileira de sinais
2,Artes e humanidades,23,L�nguas,231,Letras,0231L09,Letras l�nguas estrangeiras cl�ssicas
2,Artes e humanidades,23,L�nguas,231,Letras,0231L10,Letras lingu�stica
2,Artes e humanidades,23,L�nguas,231,Letras,0231L11,Letras outras l�nguas estrangeiras modernas
2,Artes e humanidades,23,L�nguas,231,Letras,0231L12,Letras portugu�s
2,Artes e humanidades,23,L�nguas,231,Letras,0231L13,Letras portugu�s alem�o
2,Artes e humanidades,23,L�nguas,231,Letras,0231L14,Letras portugu�s espanhol
2,Artes e humanidades,23,L�nguas,231,Letras,0231L15,Letras portugu�s franc�s
2,Artes e humanidades,23,L�nguas,231,Letras,0231L16,Letras portugu�s ingl�s
2,Artes e humanidades,23,L�nguas,231,Letras,0231L17,Letras portugu�s italiano
2,Artes e humanidades,23,L�nguas,231,Letras,0231L18,Letras portugu�s japon�s
2,Artes e humanidades,23,L�nguas,231,Letras,0231L19,Letras portugu�s l�ngua brasileira de sinais
2,Artes e humanidades,23,L�nguas,231,Letras,0231L20,Letras portugu�s l�nguas estrangeiras cl�ssicas
2,Artes e humanidades,23,L�nguas,231,Letras,0231L21,Letras portugu�s outras l�nguas estrangeiras modernas
2,Artes e humanidades,23,L�nguas,231,Letras,0231L22,Letras tradutor e int�rprete
2,Artes e humanidades,28,Programas interdisciplinares abrangendo artes e humanidades,288,Programas interdisciplinares abrangendo artes e humanidades,0288P01,Programas interdisciplinares abrangendo artes e humanidades
3,Ci�ncias sociais, comunica��o e informa��o,31,Ci�ncias sociais e comportamentais,311,Economia,0311E01,Economia
3,Ci�ncias sociais, comunica��o e informa��o,31,Ci�ncias sociais e comportamentais,312,Ci�ncias sociais e pol�ticas,0312A01,Antropologia
3,Ci�ncias sociais, comunica��o e informa��o,31,Ci�ncias sociais e comportamentais,312,Ci�ncias sociais e pol�ticas,0312C01,Ci�ncia pol�tica
3,Ci�ncias sociais, comunica��o e informa��o,31,Ci�ncias sociais e comportamentais,312,Ci�ncias sociais e pol�ticas,0312C02,Ci�ncias sociais
3,Ci�ncias sociais, comunica��o e informa��o,31,Ci�ncias sociais e comportamentais,312,Ci�ncias sociais e pol�ticas,0312G01,Geografia
3,Ci�ncias sociais, comunica��o e informa��o,31,Ci�ncias sociais e comportamentais,312,Ci�ncias sociais e pol�ticas,0312R01,Rela��es internacionais
3,Ci�ncias sociais, comunica��o e informa��o,31,Ci�ncias sociais e comportamentais,312,Ci�ncias sociais e pol�ticas,0312S01,Sociologia
3,Ci�ncias sociais, comunica��o e informa��o,31,Ci�ncias sociais e comportamentais,313,Psicologia,0313P01,Psicologia
3,Ci�ncias sociais, comunica��o e informa��o,32,Comunica��o e informa��o,321,Comunica��o e reportagem,0321C01,Comunica��o social
3,Ci�ncias sociais, comunica��o e informa��o,32,Comunica��o e informa��o,321,Comunica��o e reportagem,0321J01,Jornalismo
3,Ci�ncias sociais, comunica��o e informa��o,32,Comunica��o e informa��o,321,Comunica��o e reportagem,0321P01,Produ��o editorial
3,Ci�ncias sociais, comunica��o e informa��o,32,Comunica��o e informa��o,321,Comunica��o e reportagem,0321R01,R�dio, TV e internet
3,Ci�ncias sociais, comunica��o e informa��o,32,Comunica��o e informa��o,322,Ci�ncia da informa��o e museologia,0322A01,Arquivologia
3,Ci�ncias sociais, comunica��o e informa��o,32,Comunica��o e informa��o,322,Ci�ncia da informa��o e museologia,0322B01,Biblioteconomia
3,Ci�ncias sociais, comunica��o e informa��o,32,Comunica��o e informa��o,322,Ci�ncia da informa��o e museologia,0322G01,Gest�o da informa��o
3,Ci�ncias sociais, comunica��o e informa��o,32,Comunica��o e informa��o,322,Ci�ncia da informa��o e museologia,0322M01,Museologia
3,Ci�ncias sociais, comunica��o e informa��o,38,Programas interdisciplinares abrangendo ci�ncias sociais, comunica��o e informa��o,388,Programas interdisciplinares abrangendo ci�ncias sociais, comunica��o e informa��o,0388P01,Programas interdisciplinares abrangendo ci�ncias sociais, comunica��o e informa��o
4,Neg�cios, administra��o e direito,41,Neg�cios e administra��o,411,Contabilidade e tributa��o,0411C01,Contabilidade
4,Neg�cios, administra��o e direito,41,Neg�cios e administra��o,411,Contabilidade e tributa��o,0411G01,Gest�o fiscal e tribut�ria
4,Neg�cios, administra��o e direito,41,Neg�cios e administra��o,412,Finan�as, bancos e seguros,0412G01,Gest�o financeira
4,Neg�cios, administra��o e direito,41,Neg�cios e administra��o,412,Finan�as, bancos e seguros,0412S01,Seguros
4,Neg�cios, administra��o e direito,41,Neg�cios e administra��o,413,Gest�o e administra��o,0413A01,Administra��o
4,Neg�cios, administra��o e direito,41,Neg�cios e administra��o,413,Gest�o e administra��o,0413A02,Administra��o p�blica
4,Neg�cios, administra��o e direito,41,Neg�cios e administra��o,413,Gest�o e administra��o,0413C01,Com�rcio exterior
4,Neg�cios, administra��o e direito,41,Neg�cios e administra��o,413,Gest�o e administra��o,0413E01,Empreendedorismo
4,Neg�cios, administra��o e direito,41,Neg�cios e administra��o,413,Gest�o e administra��o,0413G01,Gest�o da produ��o
4,Neg�cios, administra��o e direito,41,Neg�cios e administra��o,413,Gest�o e administra��o,0413G02,Gest�o da qualidade
4,Neg�cios, administra��o e direito,41,Neg�cios e administra��o,413,Gest�o e administra��o,0413G03,Gest�o da sa�de
4,Neg�cios, administra��o e direito,41,Neg�cios e administra��o,413,Gest�o e administra��o,0413G04,Gest�o de cooperativas
4,Neg�cios, administra��o e direito,41,Neg�cios e administra��o,413,Gest�o e administra��o,0413G05,Gest�o de neg�cios
4,Neg�cios, administra��o e direito,41,Neg�cios e administra��o,413,Gest�o e administra��o,0413G06,Gest�o de neg�cios internacionais
4,Neg�cios, administra��o e direito,41,Neg�cios e administra��o,413,Gest�o e administra��o,0413G07,Gest�o de pessoas
4,Neg�cios, administra��o e direito,41,Neg�cios e administra��o,413,Gest�o e administra��o,0413G08,Gest�o de servi�os
4,Neg�cios, administra��o e direito,41,Neg�cios e administra��o,413,Gest�o e administra��o,0413G09,Gest�o do agroneg�cio
4,Neg�cios, administra��o e direito,41,Neg�cios e administra��o,413,Gest�o e administra��o,0413G10,Gest�o estrat�gica
4,Neg�cios, administra��o e direito,41,Neg�cios e administra��o,413,Gest�o e administra��o,0413G11,Gest�o hospitalar
4,Neg�cios, administra��o e direito,41,Neg�cios e administra��o,413,Gest�o e administra��o,0413G12,Gest�o p�blica
4,Neg�cios, administra��o e direito,41,Neg�cios e administra��o,413,Gest�o e administra��o,0413L01,Log�stica
4,Neg�cios, administra��o e direito,41,Neg�cios e administra��o,414,Marketing e propaganda,0414M01,Marketing
4,Neg�cios, administra��o e direito,41,Neg�cios e administra��o,414,Marketing e propaganda,0414P01,Publicidade e propaganda
4,Neg�cios, administra��o e direito,41,Neg�cios e administra��o,414,Marketing e propaganda,0414R01,Rela��es p�blicas
4,Neg�cios, administra��o e direito,41,Neg�cios e administra��o,415,Secretariado e trabalhos de escrit�rio,0415S01,Secretariado
4,Neg�cios, administra��o e direito,41,Neg�cios e administra��o,416,Gest�o comercial,0416G01,Gest�o comercial
4,Neg�cios, administra��o e direito,41,Neg�cios e administra��o,416,Gest�o comercial,0416N01,Neg�cios imobili�rios
4,Neg�cios, administra��o e direito,42,Direito,421,Direito,0421D01,Direito
4,Neg�cios, administra��o e direito,42,Direito,421,Direito,0421S01,Servi�os jur�dicos e cartoriais
4,Neg�cios, administra��o e direito,48,Programas interdisciplinares abrangendo neg�cios, administra��o e direito,488,Programas interdisciplinares abrangendo neg�cios, administra��o e direito,0488P01,Programas interdisciplinares abrangendo neg�cios, administra��o e direito
5,Ci�ncias naturais, matem�tica e estat�stica,51,Ci�ncias biol�gicas e correlatas,511,Biologia,0511B01,Biologia
5,Ci�ncias naturais, matem�tica e estat�stica,51,Ci�ncias biol�gicas e correlatas,512,Bioqu�mica e biotecnologia,0512B01,Bioqu�mica
5,Ci�ncias naturais, matem�tica e estat�stica,51,Ci�ncias biol�gicas e correlatas,512,Bioqu�mica e biotecnologia,0512B02,Biotecnologia
5,Ci�ncias naturais, matem�tica e estat�stica,51,Ci�ncias biol�gicas e correlatas,512,Bioqu�mica e biotecnologia,0512T01,Toxicologia
5,Ci�ncias naturais, matem�tica e estat�stica,52,Meio ambiente,521,Ci�ncias ambientais,0521C01,Ci�ncias ambientais
5,Ci�ncias naturais, matem�tica e estat�stica,52,Meio ambiente,521,Ci�ncias ambientais,0521E01,Ecologia
5,Ci�ncias naturais, matem�tica e estat�stica,53,Ci�ncias f�sicas,531,Qu�mica,0531Q01,Qu�mica
5,Ci�ncias naturais, matem�tica e estat�stica,53,Ci�ncias f�sicas,531,Qu�mica,0531Q02,Qu�mica industrial e tecnol�gica
5,Ci�ncias naturais, matem�tica e estat�stica,53,Ci�ncias f�sicas,532,Ci�ncias da terra,0532G01,Geof�sica
5,Ci�ncias naturais, matem�tica e estat�stica,53,Ci�ncias f�sicas,532,Ci�ncias da terra,0532G02,Geologia
5,Ci�ncias naturais, matem�tica e estat�stica,53,Ci�ncias f�sicas,532,Ci�ncias da terra,0532G03,Geoprocessamento
5,Ci�ncias naturais, matem�tica e estat�stica,53,Ci�ncias f�sicas,532,Ci�ncias da terra,0532M01,Meteorologia
5,Ci�ncias naturais, matem�tica e estat�stica,53,Ci�ncias f�sicas,532,Ci�ncias da terra,0532O01,Oceanografia
5,Ci�ncias naturais, matem�tica e estat�stica,53,Ci�ncias f�sicas,533,F�sica,0533A01,Astronomia
5,Ci�ncias naturais, matem�tica e estat�stica,53,Ci�ncias f�sicas,533,F�sica,0533F01,F�sica
5,Ci�ncias naturais, matem�tica e estat�stica,53,Ci�ncias f�sicas,533,F�sica,0533F02,F�sica aplicada
5,Ci�ncias naturais, matem�tica e estat�stica,53,Ci�ncias f�sicas,533,F�sica,0533F03,F�sica m�dica
5,Ci�ncias naturais, matem�tica e estat�stica,54,Matem�tica e estat�stica,541,Matem�tica,0541M01,Matem�tica
5,Ci�ncias naturais, matem�tica e estat�stica,54,Matem�tica e estat�stica,541,Matem�tica,0541M02,Matem�tica aplicada e computacional
5,Ci�ncias naturais, matem�tica e estat�stica,54,Matem�tica e estat�stica,542,Estat�stica,0542C01,Ci�ncias atuariais
5,Ci�ncias naturais, matem�tica e estat�stica,54,Matem�tica e estat�stica,542,Estat�stica,0542E01,Estat�stica
5,Ci�ncias naturais, matem�tica e estat�stica,58,Programas interdisciplinares abrangendo ci�ncias naturais, matem�tica e estat�stica,588,Programas interdisciplinares abrangendo ci�ncias naturais, matem�tica e estat�stica,0588P01,Programas interdisciplinares abrangendo ci�ncias naturais, matem�tica e estat�stica
6,Computa��o e Tecnologias da Informa��o e Comunica��o (TIC),61,Computa��o e Tecnologias da Informa��o e Comunica��o (TIC),612,Infraestrutura e gest�o de TIC,0612B01,Banco de dados
6,Computa��o e Tecnologias da Informa��o e Comunica��o (TIC),61,Computa��o e Tecnologias da Informa��o e Comunica��o (TIC),612,Infraestrutura e gest�o de TIC,0612D01,Defesa cibern�tica
6,Computa��o e Tecnologias da Informa��o e Comunica��o (TIC),61,Computa��o e Tecnologias da Informa��o e Comunica��o (TIC),612,Infraestrutura e gest�o de TIC,0612G01,Gest�o da tecnologia da informa��o
6,Computa��o e Tecnologias da Informa��o e Comunica��o (TIC),61,Computa��o e Tecnologias da Informa��o e Comunica��o (TIC),612,Infraestrutura e gest�o de TIC,0612R01,Redes de computadores
6,Computa��o e Tecnologias da Informa��o e Comunica��o (TIC),61,Computa��o e Tecnologias da Informa��o e Comunica��o (TIC),613,Produ��o de software,0613E01,Engenharia de software
6,Computa��o e Tecnologias da Informa��o e Comunica��o (TIC),61,Computa��o e Tecnologias da Informa��o e Comunica��o (TIC),613,Produ��o de software,0613J01,Jogos digitais
6,Computa��o e Tecnologias da Informa��o e Comunica��o (TIC),61,Computa��o e Tecnologias da Informa��o e Comunica��o (TIC),614,Ci�ncia da computa��o,0614C01,Ci�ncia da computa��o
6,Computa��o e Tecnologias da Informa��o e Comunica��o (TIC),61,Computa��o e Tecnologias da Informa��o e Comunica��o (TIC),615,Gest�o e desenvolvimento de sistemas de informa��o,0615S01,Seguran�a da informa��o
6,Computa��o e Tecnologias da Informa��o e Comunica��o (TIC),61,Computa��o e Tecnologias da Informa��o e Comunica��o (TIC),615,Gest�o e desenvolvimento de sistemas de informa��o,0615S02,Sistemas de informa��o
6,Computa��o e Tecnologias da Informa��o e Comunica��o (TIC),61,Computa��o e Tecnologias da Informa��o e Comunica��o (TIC),615,Gest�o e desenvolvimento de sistemas de informa��o,0615S03,Sistemas para internet
6,Computa��o e Tecnologias da Informa��o e Comunica��o (TIC),61,Computa��o e Tecnologias da Informa��o e Comunica��o (TIC),616,Desenvolvimento de sistemas que integram software e hardware,0616E01,Engenharia de computa��o (DCN Computa��o)
6,Computa��o e Tecnologias da Informa��o e Comunica��o (TIC),61,Computa��o e Tecnologias da Informa��o e Comunica��o (TIC),616,Desenvolvimento de sistemas que integram software e hardware,0616S01,Sistemas embarcados
6,Computa��o e Tecnologias da Informa��o e Comunica��o (TIC),68,Programas interdisciplinares abrangendo computa��o e Tecnologias da Informa��o e Comunica��o (TIC),688,Programas interdisciplinares abrangendo computa��o e Tecnologias da Informa��o e Comunica��o (TIC),0688P01,Programas interdisciplinares abrangendo computa��o e Tecnologias da Informa��o e Comunica��o (TIC)
7,Engenharia, produ��o e constru��o,71,Engenharia e profiss�es correlatas,710,Engenharia e profiss�es correlatas sem defini��o precisa,0710E01,Engenharia
7,Engenharia, produ��o e constru��o,71,Engenharia e profiss�es correlatas,711,Engenharia qu�mica e de processos,0711B01,Biocombust�veis
7,Engenharia, produ��o e constru��o,71,Engenharia e profiss�es correlatas,711,Engenharia qu�mica e de processos,0711E01,Engenharia bioqu�mica
7,Engenharia, produ��o e constru��o,71,Engenharia e profiss�es correlatas,711,Engenharia qu�mica e de processos,0711E02,Engenharia de bioprocessos
7,Engenharia, produ��o e constru��o,71,Engenharia e profiss�es correlatas,711,Engenharia qu�mica e de processos,0711E03,Engenharia de biotecnologia
7,Engenharia, produ��o e constru��o,71,Engenharia e profiss�es correlatas,711,Engenharia qu�mica e de processos,0711E04,Engenharia de nanotecnologia
7,Engenharia, produ��o e constru��o,71,Engenharia e profiss�es correlatas,711,Engenharia qu�mica e de processos,0711E05,Engenharia qu�mica
7,Engenharia, produ��o e constru��o,71,Engenharia e profiss�es correlatas,712,Tecnologia de prote��o ambiental,0712E01,Engenharia ambiental
7,Engenharia, produ��o e constru��o,71,Engenharia e profiss�es correlatas,712,Tecnologia de prote��o ambiental,0712E02,Engenharia ambiental e sanit�ria
7,Engenharia, produ��o e constru��o,71,Engenharia e profiss�es correlatas,712,Tecnologia de prote��o ambiental,0712G01,Gest�o ambiental
7,Engenharia, produ��o e constru��o,71,Engenharia e profiss�es correlatas,712,Tecnologia de prote��o ambiental,0712G02,Gest�o de res�duos
7,Engenharia, produ��o e constru��o,71,Engenharia e profiss�es correlatas,712,Tecnologia de prote��o ambiental,0712S01,Saneamento ambiental
7,Engenharia, produ��o e constru��o,71,Engenharia e profiss�es correlatas,713,Eletricidade e energia,0713E01,Eletrot�cnica industrial
7,Engenharia, produ��o e constru��o,71,Engenharia e profiss�es correlatas,713,Eletricidade e energia,0713E02,Energias renov�veis
7,Engenharia, produ��o e constru��o,71,Engenharia e profiss�es correlatas,713,Eletricidade e energia,0713E03,Engenharia bioenerg�tica
7,Engenharia, produ��o e constru��o,71,Engenharia e profiss�es correlatas,713,Eletricidade e energia,0713E04,Engenharia de energia
7,Engenharia, produ��o e constru��o,71,Engenharia e profiss�es correlatas,713,Eletricidade e energia,0713E05,Engenharia el�trica
7,Engenharia, produ��o e constru��o,71,Engenharia e profiss�es correlatas,713,Eletricidade e energia,0713E06,Engenharia nuclear
7,Engenharia, produ��o e constru��o,71,Engenharia e profiss�es correlatas,713,Eletricidade e energia,0713R01,Refrigera��o e climatiza��o
7,Engenharia, produ��o e constru��o,71,Engenharia e profiss�es correlatas,713,Eletricidade e energia,0713S01,Sistemas el�tricos
7,Engenharia, produ��o e constru��o,71,Engenharia e profiss�es correlatas,714,Eletr�nica e automa��o,0714A01,Automa��o industrial
7,Engenharia, produ��o e constru��o,71,Engenharia e profiss�es correlatas,714,Eletr�nica e automa��o,0714E01,Eletr�nica industrial
7,Engenharia, produ��o e constru��o,71,Engenharia e profiss�es correlatas,714,Eletr�nica e automa��o,0714E02,Engenharia ac�stica
7,Engenharia, produ��o e constru��o,71,Engenharia e profiss�es correlatas,714,Eletr�nica e automa��o,0714E03,Engenharia biom�dica
7,Engenharia, produ��o e constru��o,71,Engenharia e profiss�es correlatas,714,Eletr�nica e automa��o,0714E04,Engenharia de computa��o (DCN Engenharia)
7,Engenharia, produ��o e constru��o,71,Engenharia e profiss�es correlatas,714,Eletr�nica e automa��o,0714E05,Engenharia de controle e automa��o
7,Engenharia, produ��o e constru��o,71,Engenharia e profiss�es correlatas,714,Eletr�nica e automa��o,0714E06,Engenharia de informa��o
7,Engenharia, produ��o e constru��o,71,Engenharia e profiss�es correlatas,714,Eletr�nica e automa��o,0714E07,Engenharia de telecomunica��es
7,Engenharia, produ��o e constru��o,71,Engenharia e profiss�es correlatas,714,Eletr�nica e automa��o,0714E08,Engenharia eletr�nica
7,Engenharia, produ��o e constru��o,71,Engenharia e profiss�es correlatas,714,Eletr�nica e automa��o,0714E09,Engenharia mecatr�nica
7,Engenharia, produ��o e constru��o,71,Engenharia e profiss�es correlatas,714,Eletr�nica e automa��o,0714G01,Gest�o de telecomunica��es
7,Engenharia, produ��o e constru��o,71,Engenharia e profiss�es correlatas,714,Eletr�nica e automa��o,0714M01,Mecatr�nica industrial
7,Engenharia, produ��o e constru��o,71,Engenharia e profiss�es correlatas,714,Eletr�nica e automa��o,0714R01,Redes de telecomunica��es
7,Engenharia, produ��o e constru��o,71,Engenharia e profiss�es correlatas,714,Eletr�nica e automa��o,0714S01,Sistemas biom�dicos
7,Engenharia, produ��o e constru��o,71,Engenharia e profiss�es correlatas,714,Eletr�nica e automa��o,0714S02,Sistemas de telecomunica��es
7,Engenharia, produ��o e constru��o,71,Engenharia e profiss�es correlatas,714,Eletr�nica e automa��o,0714T01,Telem�tica
7,Engenharia, produ��o e constru��o,71,Engenharia e profiss�es correlatas,715,Engenharia mec�nica e metalurgia,0715E01,Engenharia f�sica
7,Engenharia, produ��o e constru��o,71,Engenharia e profiss�es correlatas,715,Engenharia mec�nica e metalurgia,0715E02,Engenharia mec�nica
7,Engenharia, produ��o e constru��o,71,Engenharia e profiss�es correlatas,715,Engenharia mec�nica e metalurgia,0715E03,Engenharia metal�rgica
7,Engenharia, produ��o e constru��o,71,Engenharia e profiss�es correlatas,715,Engenharia mec�nica e metalurgia,0715F01,Fabrica��o mec�nica
7,Engenharia, produ��o e constru��o,71,Engenharia e profiss�es correlatas,715,Engenharia mec�nica e metalurgia,0715M01,Manuten��o industrial
7,Engenharia, produ��o e constru��o,71,Engenharia e profiss�es correlatas,715,Engenharia mec�nica e metalurgia,0715M02,Mec�nica de precis�o
7,Engenharia, produ��o e constru��o,71,Engenharia e profiss�es correlatas,715,Engenharia mec�nica e metalurgia,0715P01,Processos metal�rgicos
7,Engenharia, produ��o e constru��o,71,Engenharia e profiss�es correlatas,715,Engenharia mec�nica e metalurgia,0715S01,Soldagem
7,Engenharia, produ��o e constru��o,71,Engenharia e profiss�es correlatas,716,Ve�culos a motor, constru��o naval, aeron�utica, ferrovi�ria e metrovi�ria,0716A01,Aeroespacial
7,Engenharia, produ��o e constru��o,71,Engenharia e profiss�es correlatas,716,Ve�culos a motor, constru��o naval, aeron�utica, ferrovi�ria e metrovi�ria,0716C01,Constru��o naval
7,Engenharia, produ��o e constru��o,71,Engenharia e profiss�es correlatas,716,Ve�culos a motor, constru��o naval, aeron�utica, ferrovi�ria e metrovi�ria,0716E01,Engenharia aeroespacial
7,Engenharia, produ��o e constru��o,71,Engenharia e profiss�es correlatas,716,Ve�culos a motor, constru��o naval, aeron�utica, ferrovi�ria e metrovi�ria,0716E02,Engenharia aeron�utica
7,Engenharia, produ��o e constru��o,71,Engenharia e profiss�es correlatas,716,Ve�culos a motor, constru��o naval, aeron�utica, ferrovi�ria e metrovi�ria,0716E03,Engenharia automotiva
7,Engenharia, produ��o e constru��o,71,Engenharia e profiss�es correlatas,716,Ve�culos a motor, constru��o naval, aeron�utica, ferrovi�ria e metrovi�ria,0716E04,Engenharia ferrovi�ria e metrovi�ria
7,Engenharia, produ��o e constru��o,71,Engenharia e profiss�es correlatas,716,Ve�culos a motor, constru��o naval, aeron�utica, ferrovi�ria e metrovi�ria,0716E05,Engenharia naval
7,Engenharia, produ��o e constru��o,71,Engenharia e profiss�es correlatas,716,Ve�culos a motor, constru��o naval, aeron�utica, ferrovi�ria e metrovi�ria,0716M01,Manuten��o de aeronaves
7,Engenharia, produ��o e constru��o,71,Engenharia e profiss�es correlatas,716,Ve�culos a motor, constru��o naval, aeron�utica, ferrovi�ria e metrovi�ria,0716S01,Sistemas automotivos
7,Engenharia, produ��o e constru��o,71,Engenharia e profiss�es correlatas,716,Ve�culos a motor, constru��o naval, aeron�utica, ferrovi�ria e metrovi�ria,0716S02,Sistemas de navega��o fluvial
7,Engenharia, produ��o e constru��o,72,Produ��o e processamento,721,Processamento de alimentos,0721A01,Alimentos
7,Engenharia, produ��o e constru��o,72,Produ��o e processamento,721,Processamento de alimentos,0721E01,Engenharia de alimentos
7,Engenharia, produ��o e constru��o,72,Produ��o e processamento,721,Processamento de alimentos,0721L01,Latic�nios
7,Engenharia, produ��o e constru��o,72,Produ��o e processamento,721,Processamento de alimentos,0721P01,Processamento de carnes
7,Engenharia, produ��o e constru��o,72,Produ��o e processamento,721,Processamento de alimentos,0721P02,Produ��o de cacha�a
7,Engenharia, produ��o e constru��o,72,Produ��o e processamento,721,Processamento de alimentos,0721P03,Produ��o sucroalcooleira
7,Engenharia, produ��o e constru��o,72,Produ��o e processamento,721,Processamento de alimentos,0721P04,Produ��o de cerveja
7,Engenharia, produ��o e constru��o,72,Produ��o e processamento,722,Materiais,0722C01,Cer�mica
7,Engenharia, produ��o e constru��o,72,Produ��o e processamento,722,Materiais,0722C02,Ci�ncias dos materiais
7,Engenharia, produ��o e constru��o,72,Produ��o e processamento,722,Materiais,0722E01,Engenharia de materiais
7,Engenharia, produ��o e constru��o,72,Produ��o e processamento,722,Materiais,0722P01,Papel e celulose
7,Engenharia, produ��o e constru��o,72,Produ��o e processamento,722,Materiais,0722P02,Pol�meros
7,Engenharia, produ��o e constru��o,72,Produ��o e processamento,722,Materiais,0722P03,Produ��o joalheira
7,Engenharia, produ��o e constru��o,72,Produ��o e processamento,722,Materiais,0722P04,Produ��o moveleira
7,Engenharia, produ��o e constru��o,72,Produ��o e processamento,723,T�xteis (vestu�rio, cal�ados e couro),0723E01,Engenharia t�xtil
7,Engenharia, produ��o e constru��o,72,Produ��o e processamento,723,T�xteis (vestu�rio, cal�ados e couro),0723P01,Produ��o de vestu�rio
7,Engenharia, produ��o e constru��o,72,Produ��o e processamento,723,T�xteis (vestu�rio, cal�ados e couro),0723P02,Produ��o t�xtil
7,Engenharia, produ��o e constru��o,72,Produ��o e processamento,724,Minera��o e extra��o,0724E01,Engenharia de minas
7,Engenharia, produ��o e constru��o,72,Produ��o e processamento,724,Minera��o e extra��o,0724E02,Engenharia de petr�leo
7,Engenharia, produ��o e constru��o,72,Produ��o e processamento,724,Minera��o e extra��o,0724E03,Engenharia geol�gica
7,Engenharia, produ��o e constru��o,72,Produ��o e processamento,724,Minera��o e extra��o,0724M01,Minera��o
7,Engenharia, produ��o e constru��o,72,Produ��o e processamento,724,Minera��o e extra��o,0724P01,Petr�leo e g�s
7,Engenharia, produ��o e constru��o,72,Produ��o e processamento,724,Minera��o e extra��o,0724R01,Rochas ornamentais
7,Engenharia, produ��o e constru��o,72,Produ��o e processamento,725,Produ��o e processos de fabrica��o,0725E01,Engenharia de manufatura
7,Engenharia, produ��o e constru��o,72,Produ��o e processamento,725,Produ��o e processos de fabrica��o,0725E02,Engenharia de produ��o
7,Engenharia, produ��o e constru��o,72,Produ��o e processamento,725,Produ��o e processos de fabrica��o,0725E03,Engenharia industrial
7,Engenharia, produ��o e constru��o,72,Produ��o e processamento,725,Produ��o e processos de fabrica��o,0725P01,Produ��o gr�fica
7,Engenharia, produ��o e constru��o,72,Produ��o e processamento,725,Produ��o e processos de fabrica��o,0725P02,Produ��o industrial
7,Engenharia, produ��o e constru��o,73,Arquitetura e constru��o,731,Arquitetura e planejamento urbano,0731A01,Agrimensura
7,Engenharia, produ��o e constru��o,73,Arquitetura e constru��o,731,Arquitetura e planejamento urbano,0731A02,Arquitetura e urbanismo
7,Engenharia, produ��o e constru��o,73,Arquitetura e constru��o,731,Arquitetura e planejamento urbano,0731E01,Engenharia cartogr�fica
7,Engenharia, produ��o e constru��o,73,Arquitetura e constru��o,731,Arquitetura e planejamento urbano,0731E02,Engenharia de agrimensura
7,Engenharia, produ��o e constru��o,73,Arquitetura e constru��o,731,Arquitetura e planejamento urbano,0731E03,Engenharia de agrimensura e cartogr�fica
7,Engenharia, produ��o e constru��o,73,Arquitetura e constru��o,732,Engenharia civil e constru��o,0732C01,Constru��o de edif�cios
7,Engenharia, produ��o e constru��o,73,Arquitetura e constru��o,732,Engenharia civil e constru��o,0732C02,Controle de obras
7,Engenharia, produ��o e constru��o,73,Arquitetura e constru��o,732,Engenharia civil e constru��o,0732E01,Engenharia civil
7,Engenharia, produ��o e constru��o,73,Arquitetura e constru��o,732,Engenharia civil e constru��o,0732E02,Engenharia de recursos h�dricos
7,Engenharia, produ��o e constru��o,73,Arquitetura e constru��o,732,Engenharia civil e constru��o,0732E03,Engenharia de transportes
7,Engenharia, produ��o e constru��o,73,Arquitetura e constru��o,732,Engenharia civil e constru��o,0732E04,Engenharia portu�ria
7,Engenharia, produ��o e constru��o,73,Arquitetura e constru��o,732,Engenharia civil e constru��o,0732E05,Estradas
7,Engenharia, produ��o e constru��o,73,Arquitetura e constru��o,732,Engenharia civil e constru��o,0732G01,Gest�o de recursos h�dricos
7,Engenharia, produ��o e constru��o,73,Arquitetura e constru��o,732,Engenharia civil e constru��o,0732M01,Material de constru��o
7,Engenharia, produ��o e constru��o,78,Programas interdisciplinares abrangendo engenharia, produ��o e constru��o,788,Programas interdisciplinares abrangendo engenharia, produ��o e constru��o,0788P01,Programas interdisciplinares abrangendo engenharia, produ��o e constru��o
8,Agricultura, silvicultura, pesca e veterin�ria,81,Agricultura,811,Produ��o agr�cola, agropecu�ria e zootecnia,0811A01,Agroecologia
8,Agricultura, silvicultura, pesca e veterin�ria,81,Agricultura,811,Produ��o agr�cola, agropecu�ria e zootecnia,0811A02,Agroind�stria
8,Agricultura, silvicultura, pesca e veterin�ria,81,Agricultura,811,Produ��o agr�cola, agropecu�ria e zootecnia,0811A03,Agroneg�cio
8,Agricultura, silvicultura, pesca e veterin�ria,81,Agricultura,811,Produ��o agr�cola, agropecu�ria e zootecnia,0811A04,Agronomia
8,Agricultura, silvicultura, pesca e veterin�ria,81,Agricultura,811,Produ��o agr�cola, agropecu�ria e zootecnia,0811A05,Agropecu�ria
8,Agricultura, silvicultura, pesca e veterin�ria,81,Agricultura,811,Produ��o agr�cola, agropecu�ria e zootecnia,0811C01,Cafeicultura
8,Agricultura, silvicultura, pesca e veterin�ria,81,Agricultura,811,Produ��o agr�cola, agropecu�ria e zootecnia,0811E01,Engenharia agr�cola
8,Agricultura, silvicultura, pesca e veterin�ria,81,Agricultura,811,Produ��o agr�cola, agropecu�ria e zootecnia,0811E02,Engenharia de biossistemas
8,Agricultura, silvicultura, pesca e veterin�ria,81,Agricultura,811,Produ��o agr�cola, agropecu�ria e zootecnia,0811F01,Fruticultura
8,Agricultura, silvicultura, pesca e veterin�ria,81,Agricultura,811,Produ��o agr�cola, agropecu�ria e zootecnia,0811I01,Irriga��o e drenagem
8,Agricultura, silvicultura, pesca e veterin�ria,81,Agricultura,811,Produ��o agr�cola, agropecu�ria e zootecnia,0811M01,Manejo da produ��o agr�cola
8,Agricultura, silvicultura, pesca e veterin�ria,81,Agricultura,811,Produ��o agr�cola, agropecu�ria e zootecnia,0811V01,Viticultura e enologia
8,Agricultura, silvicultura, pesca e veterin�ria,81,Agricultura,811,Produ��o agr�cola, agropecu�ria e zootecnia,0811Z01,Zootecnia
8,Agricultura, silvicultura, pesca e veterin�ria,81,Agricultura,812,Horticultura,0812H01,Horticultura
8,Agricultura, silvicultura, pesca e veterin�ria,82,Silvicultura,821,Silvicultura,0821E01,Engenharia florestal
8,Agricultura, silvicultura, pesca e veterin�ria,82,Silvicultura,821,Silvicultura,0821S01,Silvicultura
8,Agricultura, silvicultura, pesca e veterin�ria,83,Pesca,831,Pesca,0831A01,Aquicultura
8,Agricultura, silvicultura, pesca e veterin�ria,83,Pesca,831,Pesca,0831E01,Engenharia de pesca
8,Agricultura, silvicultura, pesca e veterin�ria,83,Pesca,831,Pesca,0831P01,Produ��o pesqueira
8,Agricultura, silvicultura, pesca e veterin�ria,84,Veterin�ria,841,Veterin�ria,0841M01,Medicina veterin�ria
8,Agricultura, silvicultura, pesca e veterin�ria,88,Programas interdisciplinares abrangendo agricultura, silvicultura, pesca e veterin�ria,888,Programas interdisciplinares abrangendo agricultura, silvicultura, pesca e veterin�ria,0888P01,Programas interdisciplinares abrangendo agricultura, silvicultura, pesca e veterin�ria
9,Sa�de e bem-estar,91,Sa�de,911,Odontologia,0911O01,Odontologia
9,Sa�de e bem-estar,91,Sa�de,912,Medicina,0912M01,Medicina
9,Sa�de e bem-estar,91,Sa�de,913,Enfermagem,0913E01,Enfermagem
9,Sa�de e bem-estar,91,Sa�de,914,Tecnologia de diagn�stico e tratamento m�dico,0914A01,An�lises cl�nicas e toxicol�gicas
9,Sa�de e bem-estar,91,Sa�de,914,Tecnologia de diagn�stico e tratamento m�dico,0914B01,Biomedicina
9,Sa�de e bem-estar,91,Sa�de,914,Tecnologia de diagn�stico e tratamento m�dico,0914O01,Oft�lmica
9,Sa�de e bem-estar,91,Sa�de,914,Tecnologia de diagn�stico e tratamento m�dico,0914O02,Optometria
9,Sa�de e bem-estar,91,Sa�de,914,Tecnologia de diagn�stico e tratamento m�dico,0914P01,Pr�tese e �rtese
9,Sa�de e bem-estar,91,Sa�de,914,Tecnologia de diagn�stico e tratamento m�dico,0914R01,Radiologia
9,Sa�de e bem-estar,91,Sa�de,915,Promo��o, preven��o, terapia e reabilita��o,0915E01,Educa��o f�sica
9,Sa�de e bem-estar,91,Sa�de,915,Promo��o, preven��o, terapia e reabilita��o,0915F01,Fisioterapia
9,Sa�de e bem-estar,91,Sa�de,915,Promo��o, preven��o, terapia e reabilita��o,0915F02,Fonoaudiologia
9,Sa�de e bem-estar,91,Sa�de,915,Promo��o, preven��o, terapia e reabilita��o,0915N01,Nutri��o
9,Sa�de e bem-estar,91,Sa�de,915,Promo��o, preven��o, terapia e reabilita��o,0915P01,Podologia
9,Sa�de e bem-estar,91,Sa�de,915,Promo��o, preven��o, terapia e reabilita��o,0915T01,Terapia ocupacional
9,Sa�de e bem-estar,91,Sa�de,916,Farm�cia,0916F01,Farm�cia
9,Sa�de e bem-estar,91,Sa�de,917,Medicina e terapia tradicional e complementar,0917M01,Musicoterapia
9,Sa�de e bem-estar,91,Sa�de,917,Medicina e terapia tradicional e complementar,0917P01,Pr�ticas integrativas
9,Sa�de e bem-estar,91,Sa�de,918,Sa�de p�blica e sa�de coletiva,0918S01,Sa�de coletiva
9,Sa�de e bem-estar,91,Sa�de,918,Sa�de p�blica e sa�de coletiva,0918S02,Sa�de p�blica
9,Sa�de e bem-estar,92,Bem-estar,921,Assist�ncia a idosos e a deficientes,0921A01,Assist�ncia a idosos e a deficientes
9,Sa�de e bem-estar,92,Bem-estar,921,Assist�ncia a idosos e a deficientes,0921G01,Gerontologia
9,Sa�de e bem-estar,92,Bem-estar,923,Servi�o social,0923S01,Servi�o social
9,Sa�de e bem-estar,98,Programas interdisciplinares abrangendo sa�de e bem-estar,988,Programas interdisciplinares abrangendo sa�de e bem-estar,0988P01,Programas interdisciplinares abrangendo sa�de e bem-estar
10,Servi�os,101,Servi�os pessoais,1011,Servi�os dom�sticos,1011E01,Economia dom�stica
10,Servi�os,101,Servi�os pessoais,1012,Servi�os de beleza,1012E01,Est�tica e cosm�tica
10,Servi�os,101,Servi�os pessoais,1013,Servi�os de alimenta��o,1013G01,Gastronomia
10,Servi�os,101,Servi�os pessoais,1014,Esportes e lazer,1014F01,Forma��o de t�cnicos e treinadores esportivos
10,Servi�os,101,Servi�os pessoais,1014,Esportes e lazer,1014G01,Gest�o desportiva e de lazer
10,Servi�os,101,Servi�os pessoais,1015,Turismo e hotelaria,1015E01,Eventos
10,Servi�os,101,Servi�os pessoais,1015,Turismo e hotelaria,1015H01,Hotelaria
10,Servi�os,101,Servi�os pessoais,1015,Turismo e hotelaria,1015T01,Turismo
10,Servi�os,102,Higiene e servi�os de sa�de ocupacional,1022,Sa�de e seguran�a no trabalho,1022S01,Seguran�a no trabalho
10,Servi�os,103,Servi�os de seguran�a,1031,Setor militar e de defesa,1031C01,Ci�ncias militares
10,Servi�os,103,Servi�os de seguran�a,1032,Prote��o de pessoas e de propriedades,1032I01,Investiga��o e per�cia
10,Servi�os,103,Servi�os de seguran�a,1032,Prote��o de pessoas e de propriedades,1032S01,Seguran�a no tr�nsito
10,Servi�os,103,Servi�os de seguran�a,1032,Prote��o de pessoas e de propriedades,1032S02,Seguran�a privada
10,Servi�os,103,Servi�os de seguran�a,1032,Prote��o de pessoas e de propriedades,1032S03,Seguran�a p�blica
10,Servi�os,103,Servi�os de seguran�a,1032,Prote��o de pessoas e de propriedades,1032S04,Servi�os penais
10,Servi�os,104,Servi�os de transporte,1041,Servi�os de transporte,1041C01,Ci�ncias aeron�uticas
10,Servi�os,104,Servi�os de transporte,1041,Servi�os de transporte,1041G01,Gest�o portu�ria
10,Servi�os,104,Servi�os de transporte,1041,Servi�os de transporte,1041T01,Transporte a�reo
10,Servi�os,104,Servi�os de transporte,1041,Servi�os de transporte,1041T02,Transporte terrestre
10,Servi�os,108,Programas interdisciplinares abrangendo servi�os,1088,Programas interdisciplinares abrangendo servi�os,1088P01,Programas interdisciplinares abrangendo servi�os
